UK Availability  Disposals and Production of Milk and Milk Products Year		AVAILABILITY of RAW MILK UK Milk   Production million litres	AVAILABILITY of RAW MILK Imports  million litres	AVAILABILITY of RAW MILK Total Available million litres	DISPOSALS of RAW MILK For Manufacture For Liquid Milk (1) million litres	DISPOSALS of RAW MILK For Manufacture Total million litres	DISPOSALS of RAW MILK For Manufacture Condensed Milk (3) million litres	DISPOSALS of RAW MILK For Manufacture Milk Powders (3)(4) million litres	DISPOSALS of RAW MILK For Manufacture Butter million cream litres	DISPOSALS of RAW MILK For Manufacture Cheese million litres	DISPOSALS of RAW MILK For Manufacture million cream litres	DISPOSALS of RAW MILK For ManufactureYoghurt million litres	DISPOSALS of RAW MILK For Manufacture Other Products (5) million litres	DISPOSALS of RAW MILK For Manufacture Exports million litres	DISPOSALS of RAW MILK For Manufacture  Stock change & wastage million litres	WHOLESALE PRODUCTION (2) Liquid Milk (1) million litres	WHOLESALE PRODUCTION (2) Condensed Milk (3) th. tonnes	WHOLESALE PRODUCTION (2) Milk Powders (3) (4) th. tonnes	WHOLESALE PRODUCTION (2) Butter (6) th. tonnes	WHOLESALE PRODUCTION (2) Cheese (6)  th. tonnes	INTERVENTION STOCKS Skimmed Milk Powder th. tonnes	INTERVENTION STOCKS Skimmed Milk Powder th. tonnes
1987		14718.2		14718.2	6813.1	7857	698.5	2872.9	373.1	2868.4	169.5		874.7	36	12.1	6576.3	180.3	288.4	182.3	270.2		
1988		14398.8		14398.8	6858.3	7480.6	809.4	2311.9	301.8	3178.4	190.9		688.3	46.9	13	6605.9	182.8	240.1	146.7	299.9		
1989		14186		14186	6859.4	7257.5	794.8	2313.5	287.4	3069.7	226.4		565.7	57.7	11.3	6623	207.3	227.9	139.5	283.1		
1990		14465.7		14465.7	6892.4	7488.9	737.5	2482.5	308.8	3289.1	248.7		422.3	74.5	9.9	6654.8	203.8	236	151.2	315.1		
1991		13992		13992	6892.8	7021.9	706.7	2189.3	267.1	3153.7	279.7		425.4	70	7.4	6665	197.8	222	132.1	301.9		
1992		13916.2		13916.2	6966	6876.1	730.9	1799	257	3396.5	253		439.7	67.5	6.6	6704.4	206.2	190	127.1	327.1		
1993		13995.1		13995.1	7026.3	6880.5	730.9	1894.6	283.5	3267.1	261.9		442.3	89	-0.7	6763.9	191.3	202.8	141	333.1	2.2	9.2
1994		14218.6		14218.6	6933.7	7126.4	751.3	2098	292.4	3251.3	265.1		468.4	129.1	29.3	6720.1	196.4	225.6	148.1	334	6.1	5.4
1995		13958.2	181	14139.2	6950.2	6890.1	660.8	2044.3	272.7	3193.3	237		482.1	185.1	113.8	6760.1	181.5	207.1	133	353.3	0	1.3
1996		13920.6	110.9	14031.5	6866.4	6906.2	719.4	1880.5	266	3360.3	233.4		446.5	173	86	6698.5	206.3	190.2	129.8	368.2	27.2	4.1
1997		14087.7	128.2	14215.9	6781.5	7042.2	692	1967.7	284.3	3386.5	227.3	269.4	214.9	290.1	102.2	6638.4	213.8	204.8	138.7	369.3	46.4	2
1998		13886.4	128.7	14015.1	6768	6807.4	642.7	1910	280.8	3269.8	234.7	268.8	200.4	373	66.7	6626.6	192.1	203.9	137	358.3	76.9	0.7
1999		14249.5	111.4	14361	6888.5	6973.2	603.4	1976.5	289.8	3313.2	238.1	258.6	293.5	465.1	34.2	6756.3	176.6	204.7	141.3	362.3	58.2	7.2
2000		13749.4	97	13846.4	6792.7	6531.9	521.9	1820.5	270.1	3036.6	238.8	246	398	445.5	76.4	6653.3	161.7	188	131.8	333.5	0	10
2001		13956.8	63.6	14020.3	6748.4	6751.5	535.5	1443.7	258.7	3563.6	301.7	278	370.2	413.7	106.7	6616.1	160.6	157.6	126.2	387.1	0	11.1
2002		14141.1	72.3	14213.3	6824.9	6883.4	491.2	1797.6	278.7	3369.3	302.8	306.4	337.4	419.3	85.7	6698.4	174.5	191.8	135.9	364	23.2	15.2
2003		14321.2	105.3	14426.5	6753.1	7139.9	374.6	2267.4	268.1	3315.7	316	244.8	353.4	398.6	134.9	6638.1	157.9	216.3	130.7	344.8	46.9	13.3
2004		13893.7	64.7	13958.4	6693.3	6723.9	359.2	1774.2	249.4	3401.2	320	224.8	395.1	434.3	106.9	6585.4	161.2	167.6	121.7	351.3	17.3	5.8
2005		13809.1	45.6	13854.7	6652.5	6489.8	351.3	1294.3	266.5	3705.4	301.7	256.9	313.7	626.3	86.1	6551.2	142.7	121.5	130	384.2	6	0.1
2006		13684.3	33.3	13717.6	6734.3	6266.3	303.1	1187	241.2	3778.9	320.9	234.5	200.7	617.3	99.7	6635.3	113.3	114.1	117.1	393.3	0	2.5
2007		13416.1	57.1	13473.2	6723.7	6085.1	300.4	1232.4	248.1	3561	284.5	242.3	216.3	537.6	126.8	6622	109.2	117	120.4	372.7	0	0
2008		13120.4	48.5	13168.9	6678.3	5840	332	932.9	228.9	3635.4	249.3	234.5	226.9	559.2	91.5	6577.6	109.9	94.3	111.1	382	0	0
2009		12977.9	74.8	13052.7	6626.4	5699.4	307.8	998.5	241.6	3369	247.9	279.8	254.8	433.4	293.4	6529.6	104.3	101.7	117.6	357.1	16.7	4.5
2010		13321.5	88.4	13409.9	6835.7	6112	278.7	1139.3	246	3529.2	253.5	323.9	341.3	416.7	45.5	6744	100.5	110.3	119.7	372.5	16.6	0
2011		13534.2	101.8	13636	6891.7	6259.5	300	1129.9	267.3	3709.8	242.9	285.8	323.8	481.3	3.5	6809.3	108.2	111.6	130	390.6	13.3	0
2012		13317.1	128.9	13446	6816.3	6089.3	289.2	926.4	297.9	3721.7	244.6	266.7	342.9	466.5	73.9	6742.8	104.3	88.7	144.9	392.7	0	0
2013		13404.1	131.9	13536	6861.1	6219.6	290	1111.1	298.3	3549.2	297.2	276	397.8	472.5	-17.3	6790.5	104.6	110.4	145.1	384	0	0
2014		14510.9	213.5	14724.4	6958.2	7130.7	270.1	1620.5	290.8	3919.2	299.5	268.7	461.8	545.3	90.2	6887.9	97.4	167.6	141.4	410.1	0	0
																						
Jan-87		1308		1308	537.8	766								3	1.2	518.1	14.7	25.5	20.1	23.7		
Feb-87		1237.2		1237.2	529.8	703.4								3	1	511.4	13.9	22.6	18.5	21		
Mar-87		1368.1		1368.1	594.4	770								3	0.8	574	15.9	27.2	20.3	23.3		
Apr-87		1370.9		1370.9	562.2	804.5								3	1.2	540.6	15.9	28.2	20.8	25.5		
May-87		1537.2		1537.2	575	958								3	1.3	552.8	17.6	37.7	26.8	28.8		
Jun-87		1319.1		1319.1	561.3	753.7								3	1.1	540.6	17.3	28.8	18	25.9		
Jul-87		1178.4		1178.4	575	599.3								3	1.1	555.2	15.7	20.5	11.3	24		
Aug-87		1053.5		1053.5	563.7	485.7								3	1.1	544.9	12	17.8	9.1	19.4		
Sep-87		998.9		998.9	569.3	425.7								3	1	551.3	13	15.9	7.7	15.9		
Oct-87		1065.4		1065.4	586.8	474.9								3	0.7	568.1	13.9	16	8.6	19.6		
Nov-87		1078.2		1078.2	575.1	499.2								3	0.8	556.3	14.7	17.8	9.3	20.3		
Dec-87		1203.4		1203.4	582.8	616.8								3	0.8	563	16	30.2	11.8	22.8		
Jan-88		1274.6		1274.6	562.7	707								3.9	1	542.4	14.8	21.8	15.8	26.4		
Feb-88		1209.6		1209.6	550.5	654.3								3.9	0.9	530.7	14.8	19.8	14	25		
Mar-88		1288.4		1288.4	591.6	691.9								3.9	1	571.3	15.6	21.2	14.7	27.4		
Apr-88		1317.8		1317.8	566.4	746.4								3.9	1.1	542.5	16.8	23.3	16	29.7		
May-88		1437.8		1437.8	577.5	855.2								3.9	1.2	553.5	18.1	30.5	19	33.3		
Jun-88		1263		1263	559.2	698.6								3.9	1.3	536.7	14.9	24.3	13.2	29.4		
Jul-88		1142.8		1142.8	573.9	563.8								3.9	1.2	553.1	13.9	19.3	9.7	23.2		
Aug-88		1065.3		1065.3	564.6	495.5								3.9	1.2	544.6	13.6	14.6	9.1	19.8		
Sep-88		1027.8		1027.8	569.8	453								3.9	1.1	550.5	14.1	11.8	8	18.9		
Oct-88		1089.5		1089.5	587.4	497.3								3.9	1	567.4	14.6	14.3	8.3	21.4		
Nov-88		1094.5		1094.5	575.2	514.5								3.9	1	555.3	16.4	16.3	8.1	21.7		
Dec-88		1187.7		1187.7	579.6	603.2								3.9	1	558	15.2	23	10.8	23.6		
Jan-89		1224.9		1224.9	567.5	651.6								4.8	1	545.4	17.2	19.6	12	28.3		
Feb-89		1112.2		1112.2	529.9	576.9								4.8	0.6	509	16.1	16.9	10.5	25.4		
Mar-89		1235.3		1235.3	587.6	642.2								4.8	0.8	565.1	18.3	20.6	13.5	24.5		
Apr-89		1237.1		1237.1	569.8	661.2								4.8	1.3	549.1	15.9	21.7	14.5	25		
May-89		1400.5		1400.5	574.3	820.3								4.8	1.2	553.1	18.9	29.4	19.1	29.3		
Jun-89		1244		1244	558.8	679.4								4.8	1	538.6	19.5	23.9	13.5	25.4		
Jul-89		1133.7		1133.7	575.4	552.1								4.8	1.4	556.3	17.2	18.6	10.7	18.8		
Aug-89		1063.4		1063.4	576.9	480.7								4.8	1	558.9	16.2	15.2	8.8	16.3		
Sep-89		1047.5		1047.5	578.8	462.9								4.8	1	561.1	16.3	11.9	7.8	18.6		
Oct-89		1137.4		1137.4	588.2	543.5								4.8	0.9	570.2	18	13.3	8.4	23.6		
Nov-89		1132.6		1132.6	577.5	549.8								4.8	0.5	559.9	16.5	14.6	9.4	22.3		
Dec-89		1217.4		1217.4	574.8	637.2								4.8	0.6	556.4	17.4	22.2	11.5	25.6		
Jan-90		1273.5		1273.5	566.9	699.9								6.2	0.5	547.9	16.8	21.1	14.2	31.7		
Feb-90		1164.6		1164.6	528.3	629.4								6.2	0.7	510	15.7	20.5	14	26.4		
Mar-90		1296.4		1296.4	598	691.2								6.2	1	576.4	17.5	24.7	15.2	27.4		
Apr-90		1318		1318	565.3	745.4								6.2	1.1	544.3	17.6	24.2	15.8	32.3		
May-90		1417.5		1417.5	580.1	830.2								6.2	1	558.7	19.2	27.7	18.4	35.1		
Jun-90		1225.5		1225.5	565.5	652.9								6.2	0.9	545	19.1	18.8	11.9	30.2		
Jul-90		1154		1154	580.5	566.2								6.2	1.1	560.9	16.6	17.4	11.2	21.9		
Aug-90		1091.4		1091.4	574.8	509.4								6.2	1	555.4	15.7	16	10.5	19.1		
Sep-90		1077		1077	578.2	491.8								6.2	0.8	559.4	16	14.1	10.1	19.6		
Oct-90		1133		1133	592.8	533.2								6.2	0.7	573.8	17.1	13.6	8.5	25		
Nov-90		1123.3		1123.3	579.9	536.7								6.2	0.6	560.5	16.9	15.7	9.2	23.4		
Dec-90		1191.4		1191.4	582	602.7								6.2	0.5	562.6	15.7	22.2	12.3	23		
Jan-91		1216.4		1216.4	572.1	638.1								5.8	0.3	552.7	14.8	22.8	14	26.4		
Feb-91		1086.6		1086.6	538.8	541.7								5.8	0.3	520	15.6	18.1	11.8	22.5		
Mar-91		1212		1212	585.8	620								5.8	0.4	566	17.7	21.6	12.4	24.3		
Apr-91		1242.2		1242.2	565.7	669.9								5.8	0.7	545.9	16.9	18.6	12.7	32.1		
May-91		1349.3		1349.3	585.4	757.3								5.8	0.7	565.2	17.2	23.6	15	36.7		
Jun-91		1210.6		1210.6	568	635.9								5.8	0.8	548.6	17.9	18.9	11.3	30.6		
Jul-91		1159.3		1159.3	572.5	580.1								5.8	0.9	553.6	16	18.1	10.5	25		
Aug-91		1116.6		1116.6	568.4	541.5								5.8	0.9	549.8	15.3	17.1	10.3	22.8		
Sep-91		1075.7		1075.7	570.8	498.2								5.8	0.9	553	16.5	15.6	9.1	20.2		
Oct-91		1110.6		1110.6	601.5	502.5								5.8	0.7	583.4	17.2	15.4	8.2	21.2		
Nov-91		1071.3		1071.3	584.2	480.7								5.8	0.5	566.1	16.8	14.7	8.1	18.8		
Dec-91		1141.6		1141.6	579.5	555.9								5.8	0.3	561	15.8	17.5	8.6	21.3		
Jan-92		1175.5		1175.5	576.9	594.9								3.3	0.4	558.1	15.6	15.8	11.1	29.6		
Feb-92		1112.7		1112.7	556	553.1								3	0.6	537.8	16.7	15.7	10.7	26.3		
Mar-92		1211.7		1211.7	597.9	609.5								3.6	0.7	579	18.9	18	11.3	28.4		
Apr-92		1203.6		1203.6	571.6	626.4								5.1	0.5	548.1	18.8	17.6	11.5	30.2		
May-92		1301.9		1301.9	587.3	705.5								8.2	0.9	563.5	18.8	20.5	12.5	35.2		
Jun-92		1160.9		1160.9	568.7	583.7								7.8	0.7	545.6	17.8	16.4	9	29.5		
Jul-92		1138.5		1138.5	591.8	538.6								7.3	0.8	568.8	16.6	13.7	8.8	26.5		
Aug-92		1161.3		1161.3	581.9	571.3								7.3	0.8	559.2	14.6	15.6	10.1	28.3		
Sep-92		1118.1		1118.1	572.3	538.9								6.3	0.5	549.9	16.3	15.2	10.1	25.5		
Oct-92		1132		1132	597	529.2								5.4	0.4	574.6	18	12.6	11.1	24.1		
Nov-92		1065		1065	587.9	472.4								4.5	0.2	565.8	17.2	11.6	9.8	20.4		
Dec-92		1135		1135	576.6	552.6								5.7	0.1	554.1	16.9	17.4	11.1	23.1		
Jan-93		1163.9		1163.9	588.1	569.7								6.2	-0.1	565.9	14.2	14.8	12.3	27.6		
Feb-93		1067.7		1067.7	545	516								6.7	0	523.4	15.5	14.5	11.4	24.6		
Mar-93		1182.9		1182.9	606.2	567.9								8.7	0.1	583.6	19.8	13.3	12.2	27.4		
Apr-93		1193.8		1193.8	582.8	600.7								10.2	0.1	560.5	17.3	15.2	12.2	30.7		
May-93		1280.4		1280.4	588.9	678.6								12.6	0.3	566.3	16.8	20.1	13.4	34.4		
Jun-93		1143.6		1143.6	570.4	562.8								10.1	0.3	548.5	16.8	17.3	10.3	27.4		
Jul-93		1168.2		1168.2	593.2	567.9								7.9	-0.8	571.1	12.2	15.8	10.9	28.3		
Aug-93		1199.4		1199.4	583.1	608.8								7.2	0.3	561.4	18.1	20	13.5	27.9		
Sep-93		1166.4		1166.4	581.9	579.1								5.7	-0.3	560.5	14.1	18.5	11.9	27.5		
Oct-93		1163.2		1163.2	601.6	557.4								4.2	0	580.3	15.4	16.1	11.4	27.3		
Nov-93		1104.3		1104.3	587	513.3								4.1	-0.1	565.8	16.8	17	10.4	24.6		
Dec-93		1161.1		1161.1	598.1	558.1								5.5	-0.5	576.7	14.4	20.1	11.2	25.5		
Jan-94		1188.3		1188.3	577.9	605.3								5.6	-0.5	556.5	15.2	18.3	13.3	29.6		
Feb-94		1066.1		1066.1	546.7	512.8								6.9	-0.3	525.6	16.1	14.9	10.6	24.4		
Mar-94		1149.2		1149.2	603.6	537.7								8.2	-0.3	582	17.6	17.5	11.2	23.9		
Apr-94		1169.7		1169.7	583.1	575.1								11.6	-0.1	566.7	16.6	17.5	12.7	25.6		
May-94		1320.7		1320.7	583.5	722.5								14.7	0	566.4	17.3	22.5	14.4	35.7		
Jun-94		1221.8		1221.8	569.3	637.5								14.8	0.2	552.6	15.5	22.3	13	29.4		
Jul-94		1226		1226	580.7	631.9								13.4	0.1	564	15.7	20.7	13.6	27.6		
Aug-94		1224.6		1224.6	583.3	629.8								11.3	0.2	566.8	16.7	22.3	14	27.8		
Sep-94		1167.4		1167.4	582.3	575.5								9.7	-0.1	566.1	16	20.1	13.9	24.2		
Oct-94		1202.5		1202.5	588.2	605.1								9	0.2	571.7	16.3	15.6	12.3	30.3		
Nov-94		1126.7		1126.7	570.6	529.9								10.9	15.3	553.9	18.3	15.1	10.2	28		
Dec-94		1155.6		1155.6	564.5	563.5								13	14.7	547.7	15	18.8	8.9	27.6		
Jan-95		1137.9	15.6	1153.5	573.4	559.6	61.5	146.4	21.4	272.8	17.7		39.7	15.7	4.8	557.1	15.6	14	10.5	30.6		
Feb-95		1012.7	12.3	1025	528.3	477.3	53.3	123.3	20	226.6	16.3		37.7	16.2	3.3	512	15.3	12.8	9.8	25.1		
Mar-95		1101.4	17.3	1118.7	591.2	506.9	57.9	140.1	22.6	224.1	19.5		42.6	9.9	10.7	574.9	16.5	15.7	11	25.2		
Apr-95		1201.3	15.8	1217.1	562.3	618.5	60.9	190.4	23.6	282.9	20		40.7	15.8	20.6	546.6	15.8	18.6	11.5	31.1		
May-95		1329.2	16.9	1346.1	597.9	721.5	66.9	220.4	25.9	345.9	19.6		42.8	18.2	8.6	582.2	16.5	20.7	12.7	38.1		
Jun-95		1219.2	21.2	1240.4	566.4	657.9	55.8	213.5	25	304.3	20.3		38.9	17.8	-1.6	550.7	16.4	22.7	12.2	33.3		
Jul-95		1178.2	20	1198.2	587.4	576	50.3	180.4	20.6	263.1	19.8		41.7	17	17.9	571.7	14.2	17.4	10.1	29.5		
Aug-95		1133.2	16.6	1149.7	583.8	538.9	50.4	179.1	22.1	226.7	19.4		41.1	16.1	11	568.1	15.2	18.4	10.8	25.7		
Sep-95		1103.8	18.4	1122.2	585	513.8	41.3	167.2	22.5	222.9	19.8		40.1	11.1	12.2	569.3	10.4	18	11	24.7		
Oct-95		1187.4	10.9	1198.3	600.1	576.3	48.4	158.6	22.6	281.8	20.8		44.1	12.8	9	584.4	11.6	15.1	11	31.1		
Nov-95		1152.8	7.4	1160.2	585.8	551.1	58.2	143	22.6	267.5	20.2		39.6	17.5	5.7	570.2	17.9	15.1	11	29.4		
Dec-95		1201.2	8.5	1209.7	588.7	592.5	55.9	181.8	23.6	274.6	23.5		33	16.9	11.6	573	16.1	18.9	11.5	29.5		
Jan-96		1224.4	8.8	1233.2	588	619.6	70	162.2	23.3	303.3	19.1		41.7	13.3	12.3	572.3	19	16.6	11.4	33.5		
Feb-96		1098.5	8.1	1106.5	549.4	534.3	58.8	150.5	20.3	252	17.8		34.8	14.9	7.9	533.7	15.7	15.4	9.9	27.6		
Mar-96		1124.8	10.6	1135.5	581	536.3	61.7	148.5	21.8	247.1	20.2		37	12.8	5.4	565.3	17.2	14.6	10.6	27.2		
Apr-96		1212.3	8.8	1221.1	578.3	608	63.6	165	23.1	297.5	19.1		39.7	14.5	20.4	564.8	17.5	16.3	11.3	32.6		
May-96		1332	9.8	1341.9	608.7	713.7	70.9	206.5	27.4	348	19.2		41.7	17.8	1.7	595.2	19.2	20.8	13.4	38.3		
Jun-96		1238.9	11	1249.8	550.9	672.1	65	219	24.7	305.6	21.2		36.6	17.2	9.6	537.4	17.8	22.4	12	33.4		
Jul-96		1178.1	8.4	1186.5	567.7	597	50.5	169.7	20.6	295.6	20.1		40.5	18.1	3.7	554.3	14.9	16.3	10	32.6		
Aug-96		1134.8	12.4	1147.2	575.5	557.3	55.9	159.6	18.9	268.9	19.1		34.8	13.4	1	562.1	17.2	16.5	9.2	29.7		
Sep-96		1099.9	11.4	1111.3	554.6	534.8	52.8	136.4	21.4	271.8	18		34.4	14.1	7.8	541.2	15.7	14.3	10.5	29.5		
Oct-96		1097.4	10	1107.4	583.2	513.2	56	117.1	21.6	260.6	19.3		38.6	10.9	0.1	569.8	17.1	12.1	10.5	28.5		
Nov-96		1051.3	6	1057.3	560.8	474.2	58.6	102	21.2	238	18.8		35.5	14.7	7.5	547.4	18.7	10.4	10.3	26.1		
Dec-96		1128.2	5.6	1133.8	568.4	545.6	55.4	144	21.7	271.9	21.4		31.2	11.2	8.6	555	16.2	14.6	10.6	29.1		
Jan-97		1169.9	6.6	1176.5	579.9	575	58	153.5	24	285.2	17.9	21.4	15	11.8	9.8	566.5	17.3	15.1	11.7	31.2		
Feb-97		1085.6	9.3	1094.9	525.8	546	51.5	154.9	23.2	265.8	16.3	21	13.3	14.5	8.6	512.4	15.9	14.8	11.3	28.9		
Mar-97		1222.2	11	1233.2	585.5	616.7	55.9	170.2	25.7	307.6	18.5	24.2	14.6	17	14	572.1	17.7	20.2	12.5	33.6		
Apr-97		1276.1	13	1289.1	574	679.8	70.8	205.1	25.6	318.9	20	23.2	16.1	19.6	15.7	562.5	20.6	20.6	12.5	34.7		
May-97		1336.6	14.2	1350.9	591.8	727.8	70.2	228.7	25.9	341.4	20.6	25.8	15.3	25.8	5.5	580.3	21.1	23.2	12.6	37.1		
Jun-97		1217.2	16.1	1233.3	545.5	663.4	55.9	216.3	23.9	308.9	19.7	22.8	16	22.5	1.9	534.1	16.9	23.9	11.6	33.7		
Jul-97		1183.2	14	1197.1	560.1	590.5	47	176.3	23.4	288	17.8	22.5	15.6	33.6	12.9	548.7	14.2	17.1	11.4	31.5		
Aug-97		1141.9	13.7	1155.6	558.9	554.6	56.5	147.6	22	273.7	17.4	24	13.4	31.3	10.8	547.5	17.5	15	10.8	29.9		
Sep-97		1089.3	12.5	1101.8	561	507.3	54.6	118.7	21.9	255.1	17.9	21.6	17.5	30.6	2.8	549.6	16.3	13.5	10.7	27.9		
Oct-97		1120.5	7.7	1128.2	583.2	519.8	57.4	124.6	22.5	242.8	19.7	23.7	29.1	25.7	-0.5	571.8	18.2	12.8	11	26.7		
Nov-97		1085.5	5.6	1091.1	555.4	497.7	54.8	114.6	22.6	241.3	19	21.1	24.3	27	11	544	19	12.1	11	26.4		
Dec-97		1159.7	4.5	1164.2	560.4	563.6	59.6	157.4	23.6	257.7	22.6	18.1	24.6	30.6	9.7	549	19.1	16.4	11.5	27.8		
Jan-98		1186.5	5.4	1191.9	570.1	600	56.2	165.6	25.1	292.3	18.7	22.3	19.7	25.2	-3.4	558.6	16.6	16.8	12.3	32.1		
Feb-98		1079	8	1087	519.9	543.1	53.3	151	22.9	259.1	17.7	21.8	17.3	23.3	0.8	508.4	16.4	14.8	11.2	28.5		
Mar-98		1184.4	10.5	1195	579.8	581.9	52.5	168	24.9	272.6	19.2	23.8	20.9	30.3	3	568.4	17.3	18.4	12.2	30		
Apr-98		1195.5	11.4	1206.9	564.6	607.6	53.7	171.2	24.8	299.2	19.4	23.9	15.4	27.5	7.2	552.7	15.5	17.7	12.1	32.7		
May-98		1309.4	15.3	1324.7	596.6	683.9	55.3	200.7	26.4	337.5	21.1	26.5	16.5	27	17.1	584.7	14.9	21.7	12.9	37		
Jun-98		1191.7	15.8	1207.5	563	616.3	53	181.3	22.7	301.3	19.8	23.5	14.6	26.2	2	551.1	15.6	21.8	11.1	33		
Jul-98		1181.9	12.8	1194.7	579.1	586.1	49.2	188.6	22.2	269.8	19.4	22.4	14.6	24.6	4.9	567.2	14.4	18.7	10.8	29.7		
Aug-98		1150.4	13.8	1164.2	576.8	562.2	52.6	166	21.1	265.2	18.3	23.9	15.1	19.4	5.7	564.9	16.3	20.9	10.3	29.3		
Sep-98		1092.3	17.4	1109.7	560.8	515.5	49.7	141.5	21.1	247.1	18.5	21.4	16.3	27.1	6.3	548.9	15.5	15.8	10.3	27		
Oct-98		1111.1	6.3	1117.4	562.2	508.7	48.7	132.2	23.5	244.8	20.4	22.3	16.7	42.4	4.1	550.3	14.4	13.8	11.5	26.9		
Nov-98		1058.1	5.9	1064.1	538	458.1	54.9	107.5	22.9	217.4	20.1	20.2	15.1	59.1	8.8	526.1	17.3	11.1	11.2	23.7		
Dec-98		1146	6.2	1152.2	557.3	543.8	63.6	136.5	23	263.7	22.1	16.8	18.1	40.8	10.2	545.4	18	12.4	11.2	28.5		
Jan-99		1188.5	7.7	1196.2	571.9	591	67.8	137	23.8	303.7	18.9	24.4	15.4	26.4	6.9	560	19.2	14.6	11.6	33.1		
Feb-99		1098.5	8.9	1107.4	535.4	546	62.6	137.4	22.8	270.2	18.1	21.5	13.4	22.8	3.3	523.5	17.9	14.4	11.1	29.4		
Mar-99		1250.7	5.8	1256.5	595.7	615.4	56.4	183.4	26.5	292.3	20.6	20	16.1	37.8	7.6	583.8	16.8	20.9	12.9	31.8		
Apr-99		1258.8	12.9	1271.6	579.8	667	48.8	222.2	28.2	310.8	19.8	21.3	15.9	29.4	-4.6	569.1	13	21.5	13.8	34		
May-99		1356.1	13.6	1369.7	604.6	717.3	48.5	228	28.6	341.4	19.5	23.8	27.6	41.7	6	593.9	12.9	21.8	14	37.3		
Jun-99		1232.3	9.3	1241.6	561.1	633.8	42	199.9	25.9	296.8	19.2	22.7	27.3	40.3	6.5	550.3	12.9	21.3	12.6	31.5		
Jul-99		1228.8	7.5	1236.4	566.8	631.2	41.9	201.1	24	292.2	18.8	24.7	28.4	39.1	-0.7	556.1	12.4	20	11.7	32.1		
Aug-99		1178.3	6	1184.3	568.9	586.9	48.9	174.3	23.5	269.6	18.8	22.8	28.9	35.9	-7.3	558.2	15.1	18.6	11.5	29.8		
Sep-99		1122.5	5	1127.5	562.9	531.7	46.6	139.2	24.3	250.8	19.1	21.3	30.6	34.7	-1.9	552.2	13.4	15.2	11.9	27.8		
Oct-99		1119.1	14.4	1133.5	587.9	490.3	42.8	123.7	21.7	229.3	20.9	21.4	30.4	49.8	5.5	577.2	13.3	12.2	10.6	25.5		
Nov-99		1079.3	10.4	1089.7	566.7	466.2	47.6	102.2	19.6	226.1	21.3	19.5	30	53.3	3.5	556	15.6	11	9.5	25		
Dec-99		1136.5	10	1146.6	586.9	496.3	49.4	128.2	20.8	230	23.3	15.1	29.6	53.9	9.6	576.1	14.2	13.3	10.1	25		
Jan-00		1166.3	11.9	1178.2	573.8	556.3	41.9	156.6	25.1	260.8	19.8	19.9	32.2	50.3	-2.2	563.1	12.3	16.2	12.2	29.1		
Feb-00		1093.3	15.1	1108.4	547.1	506.2	41.6	142.7	21.5	231.4	18.6	20.2	30.3	50.7	4.4	536.4	12.7	14.7	10.5	25.7		
Mar-00		1165	18.4	1183.4	584.9	536.7	42.5	159.6	23.5	237.1	20.5	20.9	32.8	54.4	7.4	574.2	14.3	18.5	11.4	26.3		
Apr-00		1196.2	6.3	1202.5	554.1	603.6	39.6	184.6	22.7	279.3	19.6	20.8	36.9	30.9	13.9	542.2	11.7	18.3	11.1	30.6		
May-00		1310.7	5	1315.7	587.3	684.2	48	216.6	25.1	317.9	20.6	22.9	33	39.7	4.5	575.4	13.9	21.6	12.3	34.7		
Jun-00		1187.5	9	1196.5	550.5	601.2	37.7	187.3	21.8	281.7	20.5	20.6	31.6	41.3	3.6	538.6	11.2	20.7	10.6	30.8		
Jul-00		1193.3	9.7	1203	573.7	583.3	40.5	174.8	21.9	270.4	19.7	20.8	35.2	37.2	8.8	561.8	13	16.8	10.7	29.6		
Aug-00		1152.1	8.1	1160.3	559.9	566	47.4	179.9	22	242.4	20.5	20.5	33.2	29.1	5.3	547.9	13.9	17.2	10.7	26.5		
Sep-00		1076.6	4.2	1080.7	544	504.1	43.1	134.4	20.8	235	20.1	19.2	31.4	24.2	8.4	532.1	13.4	13.4	10.1	25.7		
Oct-00		1061.4	5.1	1066.5	571.4	460.3	47.9	90.2	23.4	224.1	18.6	21.7	34.5	25.6	9.3	559.5	15.4	9.7	11.4	24.7		
Nov-00		1024.8	3.9	1028.7	563.4	428.6	46.3	79.2	21.5	209.2	19.1	20.6	32.8	27.8	8.9	551.5	16.1	8	10.5	23		
Dec-00		1122	0.4	1122.3	582.6	501.2	45.3	114.6	21	247.3	21.2	17.8	33.9	34.4	4.2	570.7	13.9	13.1	10.3	26.8		
Jan-01		1161.1	1	1162.1	565	560.8	46.2	132.6	23.7	280.3	20.3	22.2	35.6	24.8	11.4	553.1	14.9	13.4	11.6	30.7		
Feb-01		1081	2.4	1083.4	532.6	518	42	120.1	22.1	261.2	18.6	22	32.1	21.6	11.2	520.7	13.8	13.3	10.8	28.5		
Mar-01		1210.2	2.6	1212.7	584.8	607.2	47.2	147.1	27.4	302.1	23.3	22.8	37.4	13.3	7.4	572.9	16.3	16	13.4	32.9		
Apr-01		1184.9	11	1196	565.9	582.6	42	122.8	23.7	312.7	24	23.2	34.3	33.1	14.4	555.1	13.4	15.5	11.6	33.9		
May-01		1321.3	8.7	1330	586.6	696.5	55.1	166.9	23.7	365.7	29.5	24.4	31.3	38.7	8.1	575.9	16.3	19	11.5	39.7		
Jun-01		1236.9	8.5	1245.4	548.9	648.7	49.9	157.5	20.9	339.4	28.4	21.8	30.7	41.4	6.4	538.2	13.7	17.4	10.2	36.6		
Jul-01		1204.3	7.3	1211.7	563.6	597.4	38	135.5	18.4	320.4	26.7	23	35.4	44.5	6.2	552.9	10.5	14.3	9	34.8		
Aug-01		1153	7	1160	557.5	556.8	42.8	116.9	18.7	299.4	24.7	22.8	31.6	40.2	5.5	546.8	12.8	12.5	9.1	32.5		
Sep-01		1077.8	7.6	1085.4	536	499.6	43.2	90.2	18.5	270.8	23.3	23	30.7	40.9	8.8	525.3	12.3	8.9	9	29.4		
Oct-01		1091.1	2.7	1093.8	563.5	489.9	41.9	82.4	21.4	267.4	26.9	26.5	23.3	36.9	3.5	552.8	12.5	8.4	10.5	29.2		
Nov-01		1081.1	2.9	1084	564.1	475.6	44.8	69.9	20.6	265.1	26.8	23.6	24.9	38.6	5.7	553.4	12.8	7.4	10	28.8		
Dec-01		1154.1	1.8	1155.9	579.9	518.4	42.5	102	19.7	279.3	29.2	22.7	23	39.5	18.1	569.2	11.2	11.7	9.6	30.1		
Jan-02		1191.6	2.1	1193.7	577.4	582	55.3	115.9	24	313.2	25.7	22.2	25.7	24.6	9.7	566.6	14	13.2	11.7	33.9		
Feb-02		1101.2	3.2	1104.4	535.6	543.4	45.3	121.3	22.7	277.7	25.6	25.2	25.6	26.6	-1.2	524.9	14.2	12	11.1	30		
Mar-02		1245.6	1.3	1246.9	595.7	602.6	45.5	131.7	22.1	314.5	27.8	28	33	39	9.7	585	14.7	14.6	10.8	34.1		
Apr-02		1289.3	9.3	1298.6	578	668.4	45.3	182.4	28.7	321.9	29.5	28	32.5	49.5	2.8	567.5	15.4	19.8	14	35		
May-02		1370.1	8.4	1378.5	620.4	700.7	45.5	194.3	29.6	343.6	26.2	27.6	33.8	52	5.4	609.9	15.3	22.3	14.4	37.2		
Jun-02		1231.6	4.8	1236.4	576	609.6	36.7	174.3	22.7	294.2	24.6	25.9	31.1	44.2	6.6	565.5	13	18.9	11.1	31.9		
Jul-02		1215.4	8.8	1224.2	577.3	598	34.8	158.3	20.5	290.9	24.5	28.6	40.5	34.9	14.1	566.8	12.4	15.4	10	31.7		
Aug-02		1154.8	6.8	1161.7	557.8	572.2	34.2	158.1	21.7	282.3	21.9	25.6	28.5	27.9	3.8	547.3	16.5	15.8	10.6	30.4		
Sep-02		1086.9	8.5	1095.5	546.3	510.8	36.7	119.9	20	259.1	22.1	25.8	27.2	29.7	8.7	535.8	16.9	12.6	9.8	28.1		
Oct-02		1092.5	5.4	1097.9	555.2	503.9	36.3	146.3	21.6	227.8	24.7	26.2	20.9	29.3	9.5	544.7	14.1	15.5	10.5	24.7		
Nov-02		1040.9	8.4	1049.3	544.7	456	38.3	131	22.7	200.1	23.8	22.3	17.8	31.2	17.4	534.2	14.2	14.8	11.1	21.3		
Dec-02		1121.1	5.1	1126.2	560.6	536	37.4	164.2	22.3	244	26.3	21	20.7	30.4	-0.8	550.2	14	17	10.9	25.7		
Jan-03		1156.8	6.8	1163.6	561.7	569.9	34.4	168.9	23.2	265	25.4	27.7	25.2	23.5	8.5	551.3	13.5	17.2	11.3	28.2		
Feb-03		1065.5	7.1	1072.7	521.4	518.6	32.4	157.2	21.3	238.9	22.9	22.7	23.3	28	4.7	510.9	12.8	15.6	10.4	25.2		
Mar-03		1229.6	9.9	1239.5	573.3	626.3	32.6	208.5	24.1	286.5	25.4	24.4	24.7	33.3	6.6	562.8	13.2	20.6	11.8	30.2		
Apr-03		1286.1	14.7	1300.8	568.3	683.6	29.4	254.6	25.5	304.9	24.2	19.1	25.9	37.1	11.8	559	12.5	23.8	12.4	31.5		
May-03		1381.9	16.6	1398.5	599.9	741.7	32.1	267.1	28	328.5	27.3	21.4	37.4	47.2	9.7	590.6	13	25.1	13.7	34		
Jun-03		1281.6	18.3	1299.9	557	693.8	30.1	260	30.2	303.7	24.3	18.8	26.7	37.8	11.2	547.7	12.8	24	14.7	31.4		
Jul-03		1247.5	9.5	1257	569.2	634.3	30.6	217	22.6	290	24.7	20.1	29.4	36	17.6	559.9	13.7	19.5	11	30.1		
Aug-03		1196	8.8	1204.8	564.6	595.8	29.3	195.1	17.9	278.3	23.6	20.4	31.2	32.7	11.7	555.3	13.2	18.6	8.7	28.8		
Sep-03		1116.5	6.9	1123.4	547.1	537.2	29.1	151	17.5	261.9	26.7	20	31.1	25.4	13.6	537.9	12.3	14.8	8.5	27		
Oct-03		1131.1	0.9	1132	581.9	502.3	28.2	121.8	16.7	254.3	29.2	18.1	34.1	34.8	13	572.7	12.7	11.6	8.1	26.3		
Nov-03		1086.4	0	1086.4	551.4	482.6	32.8	116.5	20.3	236.4	29	17.4	30.1	32.2	20.2	542.1	13.7	11.6	9.9	24.4		
Dec-03		1142.2	5.7	1147.9	557.1	553.7	33.6	149.5	20.9	267.2	33.4	14.7	34.5	30.6	6.5	547.8	14.5	13.9	10.2	27.7		
Jan-04		1142.5	5.2	1147.7	569.7	537.6	26.9	142.1	19.5	265.6	28.1	21	34.4	34.3	6.1	560.4	12.3	14.4	9.5	27.4		
Feb-04		1068.9	1.4	1070.2	527.5	502.9	25.9	134.1	20.5	247.8	25.4	16	33.1	30.5	9.3	518.3	11.8	13.4	10	25.6		
Mar-04		1167.1	3	1170.1	567	572.9	29.8	166	22	276.4	27.6	19.3	31.8	26.4	3.9	557.8	13.3	16.8	10.7	28.5		
Apr-04		1224.6	6.7	1231.3	554.6	630.5	29.1	183.2	21.7	316.1	28.1	18.5	33.9	33	13.2	545.7	13.2	17.6	10.6	32.6		
May-04		1321.1	12.4	1333.5	581.8	688.9	34.1	205.3	22.8	344.5	28.9	19.9	33.3	45	17.8	572.9	14.1	19.6	11.1	35.6		
Jun-04		1223.3	12.6	1235.9	552.8	645.2	31.4	191.8	19.8	323	25.9	18.3	35.1	35.6	2.2	543.9	12.9	18.1	9.6	33.3		
Jul-04		1218.2	7.5	1225.6	583.6	599.2	31.9	168.5	20.9	297.5	26.7	18.6	35.1	38.6	4.2	574.7	14.4	14.3	10.2	30.8		
Aug-04		1158.3	7.3	1165.6	553.5	569.3	27.3	144.3	19.9	302.5	24.6	19	31.7	33	9.8	544.6	14	14	9.7	31.2		
Sep-04		1089.6	1.9	1091.5	538.4	512.4	27.3	122.7	21.4	267	24.8	17.3	31.9	26.2	14.5	529.5	12.9	10.5	10.4	27.6		
Oct-04		1089.7	0.9	1090.6	545.4	498.9	31.5	105.3	21.2	262.1	26.4	20.3	32	38.6	7.7	536.5	14.7	9.2	10.3	27.1		
Nov-04		1060.1	1.4	1061.5	552.7	454.2	32.8	83.6	19.4	245	25.4	19.7	28.2	44.2	10.5	543.8	14.3	7.4	9.5	25.4		
Dec-04		1130.3	4.5	1134.8	566.3	511.9	31.1	127.3	20.5	253.6	27.9	17.1	34.4	48.9	7.7	557.4	13.5	12.2	10	26.2		
Jan-05		1157.3	2.9	1160.2	554.4	543.8	29	112.7	23.8	298.7	23.8	23.1	32.7	51.2	10.7	545.5	12.1	11.8	11.6	30.9	17.3	4.7
Feb-05		1066.8	1.4	1068.2	516	500.3	29	99.8	21.6	268.5	22.4	21.6	37.4	46.8	5.1	507.1	12.4	9.4	10.5	27.8	17.2	3.7
Mar-05		1213.5	1.6	1215.1	581.4	575	30.4	132.4	22.7	306.7	25.6	23.4	33.8	54.1	4.6	572.5	14.1	12.1	11.1	31.7	17.2	2.8
Apr-05		1220.6	4.5	1225.1	545.4	620.3	30.6	147.3	23.5	338.4	24.5	24.6	31.4	52	7.3	537.2	12.5	13.7	11.5	35.1	17.2	2
May-05		1293.7	6.5	1300.2	565.6	664.4	28.4	162.7	23.4	359.6	25.1	24.4	40.7	59.3	10.9	557.3	12.4	15.6	11.4	37.3	12.1	0.7
Jun-05		1200.8	8.5	1209.4	541.2	613.3	28.6	153.1	23.9	332.6	24.8	21.9	28.4	53.2	1.6	532.9	11.7	14.1	11.7	34.5	9	0.6
Jul-05		1177.4	6	1183.5	549	561.3	26	114.6	20.1	329.7	23.3	21.6	26	58.2	14.9	540.7	10.1	10.7	9.8	34.2	7.6	0.6
Aug-05		1150.4	5.2	1155.6	541.2	557.8	25.6	104.5	22.4	336.7	25.4	23.3	19.9	49.4	7.1	532.9	10.6	9.5	10.9	35	6.7	0.6
Sep-05		1080.9	3.1	1084	543.7	490	26.5	75.8	22	304.7	24.5	18.8	17.6	50.3	-0.1	535.4	10.6	6.8	10.7	31.6	6.7	0.6
Oct-05		1091.3	1.2	1092.5	578.3	455.2	27.4	58.9	23.3	282.8	26.1	21.2	15.4	52	7.1	570	11.2	5.6	11.3	29.2	6.2	0.6
Nov-05		1044.3	1.1	1045.4	556	437.7	34.5	52.1	20	270.9	26.7	17.5	16	47.7	4	547.7	11.9	4.6	9.7	28.2	6.1	0.6
Dec-05		1112	3.6	1115.6	580.1	470.7	35.2	80.3	19.7	276.1	29.5	15.4	14.4	52	12.8	571.9	13	7.5	9.6	28.7	6	0.1
Jan-06		1148.8	2.5	1151.3	569.2	512.2			22.3	314.1	26.6	24	13.8	61.7	8.2	560.9			10.9	32.6	4.8	0.1
Feb-06		1059.7	1.3	1061	528.2	479.5			18.8	288.1	24.6	19.7	13.6	49	4.3	519.9			9.2	29.9	0	0.1
Mar-06		1192.8	1.7	1194.4	588.4	566.5	81.9	286.8	22.3	334.8	27.4	20.7	18.7	51.5	-12	580.1	31.1	26.5	10.9	34.8	0	0.1
Apr-06		1204.4	1.5	1205.9	554.5	577.2			19.8	338.7	26.2	19	12.1	55.6	18.6	546.3			9.6	35.3	0	1.3
May-06		1288.7	6.2	1294.9	584.1	649.5			21.5	364.6	27.3	21.5	15.2	62.2	-1	575.9			10.4	37.9	0	3.2
Jun-06		1191.8	5	1196.8	556.2	581	83.2	443.9	20.1	334.5	26.7	17.9	15.7	52.9	6.7	547.9	30.6	42.9	9.7	34.7	0	3.5
Jul-06		1168.9	2.4	1171.3	560.7	546.5			18.7	332.7	26	20.2	16.7	51.8	12.3	552.4			9.1	34.7	0	3.5
Aug-06		1116.9	4.5	1121.3	559.7	506.1			19.7	316.9	25.5	20.3	17.4	48.7	6.8	551.5			9.5	33	0	3.5
Sep-06		1072.6	2.6	1075.2	544.8	471.4	66.8	250	18.2	309.3	25.6	18.7	21.3	44.6	14.4	536.5	26.1	24.6	8.8	32.3	0	3.4
Oct-06		1085.2	1.6	1086.8	572.1	456.5			19.5	297.9	27.5	20.2	19.9	45.2	13	563.9			9.4	31.1	0	3.4
Nov-06		1046	1.1	1047.1	561.1	436.7			20.9	270.1	27	16.4	15.1	41.8	7.4	552.9			10.1	28.2	0	3.3
Dec-06		1108.5	3	1111.5	555.3	483.1	71.2	206.3	19.5	277.3	30.5	15.9	21.1	51.9	21.2	547.1	25.5	20.1	9.5	28.8	0	2.5
Jan-07		1143.2	2.6	1145.8	563	521.4			23.4	312.7	26.6	21.3	16.6	51.9	9.5	554.7			11.4	32.5	0	0.4
Feb-07		1033.7	3.9	1037.6	511	470.3			18.7	286.9	22.2	20	15.8	42.9	13.4	502.7			9.1	29.8	0	0
Mar-07		1183.8	4.5	1188.4	574.6	564	69	302.6	20.1	332.8	27.5	21.4	18.1	40.8	9	566.4	24.4	28.5	9.7	34.7	0	0
Apr-07		1217.3	3	1220.3	559	592.1			22.2	330.1	24	22.7	17.8	49.5	19.6	550.4			10.8	34.6	0	0
May-07		1271.8	5.7	1277.5	585.8	637.8			25.1	344.6	24.6	23.9	19.4	60	-6	577.2			12.2	36	0	0
Jun-07		1160.8	13.9	1174.7	545.1	574	74.5	469.8	22.3	321.6	22.5	20.5	18.2	55.7	0	536.5	26.9	44.1	10.8	33.7	0	0
Jul-07		1111.9	9.1	1121	569.4	485.2			18.5	285.6	21.6	21	17.2	47.3	19.1	560.9			9	29.9	0	0
Aug-07		1087.7	8.5	1096.3	562.4	483.5			18.6	288.7	23.4	20.2	16.9	39.7	10.7	553.9			9	30.3	0	0
Sep-07		1040	1.9	1042	548.8	455.9	78.4	265.8	20.5	269.6	21.9	19	17.8	32.3	4.9	540.3	29	24	9.9	28.2	0	0
Oct-07		1055	1.4	1056.4	581	422.5			19.2	258.2	23.2	19.8	18.8	36.5	16.4	572.5			9.3	27.1	0	0
Nov-07		1027.5	1.3	1028.8	562.6	413.9			19.8	257.5	22.2	16.5	19.4	39.1	13.3	554.1			9.6	26.7	0	0
Dec-07		1082.9	1.4	1084.4	560.9	464.7	78.5	194.3	19.7	272.7	24.8	16	20.4	41.8	17	552.4	28.9	20.3	9.5	29.1	0	0
Jan-08		1114.2	3.3	1117.5	568.6	494.7			21.2	304.1	21	21.2	18	45.8	8.5	560			10.3	31.9	0	0
Feb-08		1057.6	0.8	1058.4	553	459.9			18	281	20.8	20.8	18.8	41	4.6	544.5			8.8	29.5	0	0
Mar-08		1150.4	1.2	1151.6	569.3	526.6	83.4	250.7	18.7	323.3	21.1	19.2	19.8	46.1	9.6	560.7	25.7	27	9.1	34.1	0	0
Apr-08		1152.1	1.3	1153.4	549.5	540.8			19.1	340.2	21.5	21.8	20	46.2	16.9	541.1			9.3	35.7	0	0
May-08		1238.4	3.1	1241.6	555.6	616.7			22.1	357.3	21.5	23.6	19.1	51.1	18.1	547.3			10.7	37.6	0	0
Jun-08		1140.1	1.2	1141.3	518.8	557.5	93.4	334.7	19	345	19.4	18.7	18.8	42.4	22.6	510.5	29.9	33.2	9.2	36.2	0	0
Jul-08		1127.7	1.7	1129.4	552.5	500.2			18.1	309.9	20.6	20.9	18.1	52.6	24.2	544.2			8.8	32.6	0	0
Aug-08		1070	5.3	1075.3	552.7	480.2			18.2	303.4	20.5	20	16.5	44.4	-1.9	544.4			8.8	32	0	0
Sep-08		985.7	4.6	990.3	542	413.8	80.1	202.2	19	270.2	19	18.6	18.6	42.8	-8.3	533.7	26	19.8	9.2	28.4	0	0
Oct-08		1027.7	6.4	1034.1	570.7	408.5			19.9	279.8	20.6	18.4	18.9	55.6	-0.8	562.3			9.7	29.4	0	0
Nov-08		995.3	11.8	1007.1	565.7	384.3			18.3	249.2	20.1	17.4	19.7	53	4	557.3			8.9	26.2	0	0
Dec-08		1061	7.9	1068.9	579.9	456.7	75.1	145.3	17.3	271.9	23.2	13.9	20.5	38.1	-5.8	571.6	28.3	14.4	8.4	28.5	0	0
Jan-09		1083.8	6.3	1090.1	560.6	460.3			22.5	279.6	20.4	20.7	17.7	38.5	30.8	552.3			11	29.4	0	0
Feb-09		994	5.4	999.4	513.8	430			22.4	245.2	19.6	14.1	19.7	34.4	21.2	505.4			10.9	25.8	0.8	1.8
Mar-09		1135	8	1143	571.1	500.9	73.9	253.8	23.6	295.9	21.3	20.2	20.5	41.2	29.9	562.8	26	27	11.5	31.2	5.2	3
Apr-09		1153.1	6	1159.2	548.9	542.6			23	317.4	21.1	28.7	17.3	41.7	26	540.9			11.2	33.7	7.4	4.2
May-09		1212.3	8.5	1220.9	569.2	578.5			23.9	333.4	21	30.6	19.7	41.2	32	561.2			11.6	35.4	9.7	4.5
Jun-09		1138.9	5.7	1144.7	538.4	547	72.9	344.6	21.1	327.9	19.5	24.7	21	36.4	22.9	530.5	25.5	35	10.3	34.8	11.2	4.5
Jul-09		1110.6	6.7	1117.4	567.1	489.9			19.2	299.5	19.9	26.5	18.1	41.9	18.5	559.1			9.4	31.9	13.9	4.5
Aug-09		1062.7	6.6	1069.3	554.4	462.3			17.7	288.3	19.4	26.1	18.7	33.4	19.2	546.4			8.6	30.6	16	4.5
Sep-09		1002.9	5.4	1008.4	558.1	412.6	70.4	206.5	15.7	255.2	19	23	21.5	29.2	8.4	550.1	25.1	19.5	7.6	27.2	16.6	4.5
Oct-09		1033.7	4.4	1038.1	553.7	427.9			16.7	258.8	21.4	24	22.8	29.2	27.3	545.7			8.1	27.5	16.7	4.5
Nov-09		994.6	3.7	998.3	536.1	399.6			18.1	221	20.7	22.6	27.5	32.6	30	528.1			8.8	23.5	16.7	4.5
Dec-09		1055.9	8	1063.9	555	448	90.5	193.6	17.7	246.7	24.4	18.7	30.3	33.7	27.2	547.1	27.8	20.2	8.6	26.1	16.7	4.5
Jan-10		1060.6	4.1	1064.7	584.6	440.4			21.3	255.2	20.6	28.1	27.9	36.2	3.5	576.7			10.4	27.2	16.7	4.5
Feb-10		987.3	3.8	991.2	529.2	426.1			20.1	260.3	19.1	24	25.2	33.7	2.2	521.2			9.8	27.7	16.7	4.5
Mar-10		1125.3	4.1	1129.4	593.4	505.5	70.7	206	20.4	297.7	22.2	25.5	27.8	34.1	-3.7	585.4	25.5	18.8	9.9	31.6	16.7	4.5
Apr-10		1144.5	6.5	1151	554.2	555.1			23.9	305.4	20.8	27.9	34	36.1	5.6	546.6			11.6	32.2	16.7	4.5
May-10		1254.3	14.2	1268.6	592.7	628.7			24.1	346	21.6	32.5	31.2	43.4	3.8	585.1			11.7	36.4	16.7	4.5
Jun-10		1190.4	9.8	1200.3	550.3	616.5	68.9	414.6	22.4	351.7	20	24.9	30.2	34.3	-0.8	542.8	24.9	40.7	10.9	37	16.6	4.4
Jul-10		1152.3	10.6	1162.9	567	552.3			20.1	316.9	20.7	30.9	29.1	40.7	2.9	559.4			9.8	33.4	16.6	0.7
Aug-10		1120.3	8.7	1129.1	560.3	529.5			19.3	314.9	20.2	30.8	28.5	37.8	1.6	552.7			9.4	33.1	16.6	0
Sep-10		1076.7	4.8	1081.6	558.1	484.9	70.5	286.1	19.5	285.7	20.1	26.8	26.5	26.8	11.9	550.6	25.4	28.8	9.5	30	16.6	0
Oct-10		1087.3	6.7	1094	584.7	471.7			18.7	273.1	21.8	26.7	26.8	32.1	5.5	577.2			9.1	28.8	16.6	0
Nov-10		1039.1	4.3	1043.4	581.4	430.6			16.2	258.3	22.5	25	28.8	31.7	-0.3	573.9			7.9	27.3	16.6	0
Dec-10		1083	10.8	1093.8	579.9	470.8	68.6	232.6	19.9	264	24	20.7	25.3	29.8	13.4	572.3	24.7	22.1	9.7	27.7	16.6	0
Jan-11		1107.6	7.8	1115.4	577.8	505.8			23.5	291	19.7	25.6	27.6	37.1	-5.2	570.2			11.4	30.7	15.3	0
Feb-11		1034.4	5.2	1039.6	536.7	468.5			18.1	279.2	17.9	25.2	26.2	35.3	-1	529.2			8.8	29.4	14.6	0
Mar-11		1178.4	6.6	1185	593.4	557.4	72.7	284.2	24.9	324.5	19	22.8	29.7	36.5	-2.2	585.9	26.2	26.5	12.1	34.1	14.6	0
Apr-11		1201.8	10.4	1212.2	570.7	594			20.6	338	20.8	28.8	26	47.1	0.4	564.1			10	35.6	14.6	0
May-11		1263.4	14.1	1277.5	608	619.3			24.3	355.6	20.6	28.1	29.7	53.2	-3	601.3			11.8	37.4	14.6	0
Jun-11		1182.6	13.2	1195.8	559.3	587.5	72	408.7	24	336	19.6	24.5	23.5	41.9	7.1	552.6	26	41.9	11.7	35.2	14.6	0
Jul-11		1171.4	11.3	1182.6	585.6	529.3			22.5	310.2	19.4	23.7	27.7	49.5	18.3	578.9			10.9	32.6	14.6	0
Aug-11		1115.7	11	1126.7	577	512			19.1	307.3	19.5	26	27.8	44.5	-6.9	570.4			9.3	32.3	14.6	0
Sep-11		1052.7	7.2	1059.9	555.9	470.5	76.7	247.7	22.4	296.9	18.6	21	25.4	33.1	0.4	549.2	27.7	24.6	10.9	31.2	14.6	0
Oct-11		1072.6	5.3	1077.9	583.2	454.2			21.1	282.1	21.7	24.5	29	30.8	9.7	576.6			10.3	29.8	14.6	0
Nov-11		1045.7	5.7	1051.4	572	448.3			24.3	281.7	21.5	20.4	27.3	37.4	-6.2	565.3			11.8	29.9	14.6	0
Dec-11		1108	4	1112	572.1	512.8	78.6	189.3	22.5	307.5	24.8	15.2	23.8	35	-7.9	565.4	28.4	18.7	10.9	32.4	13.3	0
Jan-12		1128.5	11.8	1140.3	591.6	498.2			24.7	312.7	20.6	24.8	26.7	39.9	10.7	585			12	33	2.9	0
Feb-12		1067.7	9.3	1077	560.5	468			25.5	289.6	19.4	20.3	22.6	39.2	9.2	553.9			12.4	30.7	1.3	0
Mar-12		1208.5	10	1218.5	592.4	582	74.9	240.4	29.1	345	20	21	30.8	39.7	4.3	585.8	27	22.5	14.1	36.3	1.3	0
Apr-12		1213.5	9.6	1223.1	573.6	597.6			25.1	347.5	20.6	22.7	33.9	42	10	567.6			12.2	36.6	1.3	0
May-12		1262	9.5	1271.5	615.6	611.2			24.5	359.6	21.8	24.5	36.1	42.7	2	609.7			11.9	37.9	1.3	0
Jun-12		1195.8	12.5	1208.3	549.9	606.4	82.1	363.1	25.3	353.8	19.1	22.1	33.4	44	7.9	544	29.6	35.6	12.3	36.9	1.3	0
Jul-12		1125.7	11.9	1137.6	562.8	516.7			22.4	328.7	20	24.5	35.2	47.1	11	556.8			10.9	34.6	0.5	0
Aug-12		1072.4	11.5	1083.9	565.4	480.2			23.4	301.3	19.6	25.9	24.7	41.8	-3.6	559.5			11.4	32.1	0	0
Sep-12		1006.8	10.8	1017.6	535.1	444	66.2	175.6	25.6	283.4	18.5	21.4	24.2	31.7	6.9	529.1	23.9	16.8	12.4	29.8	0	0
Oct-12		1004.1	9.9	1014	562.8	415.2			25.2	255.2	20.8	20.6	24.2	30.6	5.3	556.9			12.2	27.6	0	0
Nov-12		983.4	13.5	996.8	553.7	411.8			23.8	256.8	21.1	20.3	24.8	32.4	-1	547.7			11.6	26.9	0	0
Dec-12		1048.9	8.7	1057.6	552.8	458.1	66	147.3	23.3	287.8	23.1	18.5	26.3	35.6	11.1	546.9	23.8	13.8	11.3	30.2	0	0
Jan-13		1068.7	10.9	1079.5	576.3	454.5			26.1	280.4	24.6	24.4	29.1	36.9	11.8	570.3			12.7	29.6	0	0
Feb-13		987.8	10.2	997.9	524.6	427.4			18.8	266.1	25.6	22.2	25.7	40.2	5.8	518.6			9.2	28.9	0	0
Mar-13		1121.3	10.4	1131.6	583.1	504.4	68.1	173.7	25.7	297.3	28.4	24.6	25.2	41.4	2.7	577.2	24.6	15.5	12.5	32.4	0	0
Apr-13	(p)	1121	9.7	1130.7	571.2	511.2			23.2	317.9	23.5	23	26.2	39.3	9	565.3			11.3	34.5	0	0
May-13	(p)	1243.2	10.2	1253.4	593.7	635			28.4	351.1	27.3	25.6	32.7	41.1	-16.4	587.9			13.8	38.1	0	0
Jun-13	(p)	1186.5	12.4	1199	549.7	604	73.4	378.1	29.6	309.6	24.8	20.8	35	43.4	1.8	543.9	26.5	37.6	14.4	33.5	0	0
Jul-13	(p)	1152.7	12.3	1165.1	563.9	554.8			24.6	295.1	22.5	25.8	46.4	48.7	-2.3	558			12	32.1	0	0
Aug-13	(p)	1124.8	12.4	1137.3	566.4	536.7			23.8	310.9	23.4	25.9	34.6	43.4	-9.2	560.5			11.6	33.8	0	0
Sep-13	(p)	1071.8	11.7	1083.6	564.2	498.8	77.4	290.3	26.8	286.3	22.4	25.2	28.9	33	-12.4	558.3	27.9	29.7	13	31	0	0
Oct-13	(p)	1097.3	11	1108.4	586.5	494.2			24.2	278.2	25	23.7	40.8	33.1	-5.5	580.7			11.8	30.2	0	0
Nov-13	(p)	1076	11.8	1087.8	590.2	467.2			24.2	269.7	22.9	18.7	37.4	34.1	-3.7	584.3			11.8	29.3	0	0
Dec-13	(p)	1152.6	9	1161.6	591.3	531.4	71	269.1	22.8	286.4	26.8	16.1	35.8	37.9	1.1	585.4	25.6	27.6	11.1	30.7	0	0
Jan-14	(p)	1188.5	21.9	1210.5	589	579.5			27.3	332.3	25.7	21.2	34.2	52.4	-10.4	583.1			13.3	34.4	0	0
Feb-14	(p)	1108.3	19.2	1127.5	552.4	525.1			25	298.3	22.9	21.1	33.6	45	5	546.5			12.1	30.6	0	0
Mar-14	(p)	1266	16.7	1282.7	603.5	613	65.2	358	28.5	339.7	24.3	22.1	38.3	34.1	32.1	597.6	23.5	35.9	13.9	34.9	0	0
Apr-14	(p)	1288.2	18.3	1306.6	576.6	670.4			24.8	358.9	26	24	42.2	54.2	5.4	570.7			12.1	37.8	0	0
May-14	(p)	1342.5	24.3	1366.8	598.3	705.2			27.4	387.2	27.1	21.5	47.5	59.9	3.4	592.5			13.3	41	0	0
Jun-14	(p)	1249.8	22.9	1272.8	566.6	652.2	70	508.7	27.4	345	23.1	24.2	42.8	50	4	560.7	25.2	53.2	13.3	36.4	0	0
Jul-14	(p)	1234.3	19	1253.4	577.9	611.1			21.8	329.8	24.8	25.5	43.5	50.1	14.2	572.1			10.6	34.9	0	0
Aug-14	(p)	1186.9	22.3	1209.3	569.6	585.4			19.2	323.2	22.8	25.2	37.9	48.3	5.9	563.8			9.3	34.1	0	0
Sep-14	(p)	1156.4	17	1173.4	558.9	555.5	70.6	404.4	22.9	299.9	26	22.7	31.6	46	13	553	25.5	41.8	11.1	31.7	0	0
Oct-14	(p)	1165.8	11	1176.9	600.6	540.8			24.7	303.5	27.2	21.9	36.8	33.1	2.4	594.7			12	32.1	0	0
Nov-14	(p)	1129.4	11.8	1141.2	579	520.9			21.8	284.8	23.9	21.3	36	34.1	7.3	573.1			10.6	29.4	0	0
Dec-14	(p)	1194.3	9	1203.3	585.8	571.6	64.3	349.4	20.1	316.5	25.7	17.9	37.2	37.9	8	579.9	23.2	36.7	9.8	32.6	0	0
Jan-15	(p)	1202.2	2.7	1204.9	601.6	533.4			20.8	292.6	25.9	22.6	33.9	58.5	11.4	595.7			10.1	30.9	0	0
Feb-15	(p)	1110.2	2.7	1112.9	551.2	491.5			18.7	271.4	22.7	21.9	31.1	51.5	18.8	545.3			9.1	29.1	0	0
Mar-15	(p)	1271.4	2.7	1274.1	612.6	586.3	55.2	362.3	21.6	326.5	25.7	22.6	35.7	61.5	13.8	606.8	19.9	37.2	10.5	34.9	0	0
Apr-15	(p)	1289	3.9	1292.9	567	658.7			20.1	369.4	27.3	15.3	59.2	58.1	9.1	561.2			9.8	39.5	0	0
May-15	(p)	1374	3.8	1377.8	605.3	690.4			20.8	371	27.2	19.2	64.1	65	17.1	599.4			10.1	39.9	0	0
Jun-15	(p)	1298.7	3.7	1302.4	584.3	651.8	64.6	494.5	23.6	336.3	25.1	22.9	40.4	62.5	3.8	578.5	23.3	51	11.5	36	0	0
####																						
1) Liquid milk that leaves the primary dairy in liquid form. This may be used for manufacture of other food products  or as liquid drinking milk.																						
2) Excludes production by direct sellers of liquid milk  butter and cheese (i.e. farmhouse manufacture).																						
3) Monthly figures are not available from 2006 onwards due to confidentiality issues.																						
4) Full cream  whole milk  partially skimmed milk and skimmed milk powders.																						
5) Other products include Yoghurt up to 1997.  From January 1997 Yoghurt figures available.																						
"6) Please see the ""Information"" tab for the conversion factors which have been used to calculate these volumes."																						
(p) Provisional and may be subject to revision																						
####																						
